<## NASCA DRM FILE - VER1.00 ##>T]a?P9o2nTد<?  @????Qh???b?N]?Q?]?W?Q? ?7S^V]G?-xHGx> ?Mc|kID!6rr5D[!?Q??#?GޯǢ{?6?'4??D?RP?ط̸0 sD~??m???m]l?H?Tt?bZ????{ݩcqHNQŰEBEA}[?flm:?i	?M??]?X????z??B4?f?oSQ"?????Y&hJR%?ʰ.z~oԎijklI?\9ko
??yy??ҵgyP:l]?(s^]??2???f?????f?	2b?	???G?=T??*ҵ{??GA?R?3!? ?g??r\)?b??HEu?Rz?6q	L??L????p?v?3G?oq??p8?tE?,$?ذL0g~?D߲??M?^I?m??,?"l?gH??@?8GH2h?T?C?T{q??9S(??b\ ?Ⱦ?ɟR<?^?B?,8=^$?ԪeG?b!	ڭHLm?.IQ[???o?kk&o*???hL?1]|?qG?x?uh?mgQ????4?l,?ywy?veQ˨Jx?}ں?EDh ?~???`L?)[?EnGpWC5o䣵&H???f̩sjm/?????A	K?:yqV?0?v$?n G:y? ?J&?AyX<+??QF???CXa?ë1
Kҹ;f?ZK?B(?C??pZys?1???Ecj{??kG? t?R4M?I??Q??Od?Kq\?o?M??k'`d&?􌝣?]eVZx???R?M6DZ??????R?Źg'i8C?3)q??`A??~?JZ??{j??0??l??>?;}K?k9?F?˯?&t``G?{D??i,?Hc???)D6C,???6Ldf????2}?sN?S??A?%yIM?S@ãJܴO_<4e??$-? ?w?Civ?BXUun8uw??XEJ?!%߶p??X?mCg?8ه???w7k僡m?dLw???q#&}????GM??Nx	???q)??Gg?3?wFN?????٬vegC?m^??$yɱ|׊Ֆ,)uPR=I9`??M??
???^?4?*S"m,b5?oT>?d?u?XKy??m%ب??U?h?q??XHB;@;?.??:vY_T??K???}\??Z?Zح? ??Sj[MD-.???E\R??;+?bdN?易ӬrmY(neS???m?f'?5?FтKm,bP&e??e+Rvs=OA/X},{L????s?S!	??:P?X=?,R????ͼ56{?_?ϊf?B'?|q|ׇCj?ڝLVih3=??Lr)lbD?%?I?ʲs??Tn?oH???5l[Ȁ}fCh???^@??Z?W?Z??9V???jf?Kx2xʭk?)??6?ϳ?<6?:??]2??=??]	~$a?+z?iSoC??v<ܦtsa?ԃI}LN6?w??6M?o??
[?~%aOf @?ZXS{h=M??qEG?zQ3?W:?mʹR|?zc??f?
???o?F?=E?/,;_G0??6:Sel?U?\p?#e/#K.Z?EE?"rgn??f(^K?YW"a?_?<????W9?(Xv?~?$?je?_Of>??L\?k)/?/tx&\?Y?6;G0~\}s?ZW[?_???1??P?>l?F?]D?p?5? ?G?8֭ӶofW#7=?<-]VIwz???K?^!?.?q?Kn?mv6mmnn?LQ???x??D??c?4Ym#+N?q??D7?b?j3ơz_Oa???m??NJr?z[Wy?ʺ?x??3?t?? P M wĬC N???u;%O2Q?"YftZ`}LDތGVF?]??A;g??uVN*Na%ml^i4z?ꭜeO[WzFhi$z? ¸??? ?@A?HN{V?屃ޯ???)I?|m?OQD^ruc?
`??%AT@???M[ZGo#ٞ>+?6?Py;??i0?f@?I??V??'(??UKD??Jv6i?)`4?x?$???n6??p?]??-??Hk*f?3CgMB(???>HCYtlW??[Ԭ)vZ乣h??=?5PNIsXX?I??f??6 `} ;Q7/?ۖB]?6?vF?5Ʒ՗ZPaQIYy???A2J4veh?r}A`\E[u#"ɣ?Nv?Ϭ?R?u??G?"Fx?dJ\?z=?VqG(,g?a\?"E??
?̾A:Q?Bn??go91q^{)YeRL???G8,??ID???W?'PJB9?~?c?4fi?~?????.Cl???ќ7??){S?xyǽv\?L?*6???n+Cp ?9A
m㗉?ۛ{,ib?#?cih?pYo\~ZAx`?.?3d'T?JJj	Q̭f)N????V#????Q??r_`???sbrЮb@???S?)ƣע~b?7٩?G??GСDvE?_?ql??OT͡%o6>?@???i?#??DSx.*?.?eGt# 7? N?d???QĆ? ?i?HfEps?"PO٩C?r?D?,<?LdN?$???"N KoZ?l??Dn$r˪??kW*?~KF?D?Ky???ǿ~x??KB+R	????1DE?r?=Ģ@?e2#?u??>?mWڹ̲eA}O???aO?kb?\ԡM?A?]Iy$?(?bd˼???m?˒,*%??	 \|?6Am?;N??hC??LW	R[C"?Hw&?ӝѺ$	4?#GT? ?L?`?"???OE?X???z}???rN?*.??4?f`?? N?v(J?<}[?G?????VFѴyE5?O??fȾ????#?zNɾar@Q??[??g?p?lr1U?p3?v?L?*.?XqŪdp?	?????CC?<)o[<?V?#H>p?r?tt]\??[0?~6Dw2Ԅ??Lǎ?$6sf.T?H}"E???ev??8?z??t63?pb˺?xix??+IC?:??Ӷn?]HHN	hG.M?-4,???M%\?z	ġD??beV[?(?Tm?M?v(?o^C?
?
\Nӧ9F??zt(B?|pE?HP߻+H?d@?? i?0H0*?θ\y5?sPt0???sl|?)NQ??>G@?/c,P?ZNhŉ?A/sz?niSԩhN???o
r"??6::<z~?h?6?????Adi???s,ta???Cn(3WرA?٤\fu'v9??F??A?G8??z?k?P??L?}?@?ӯ\?]GPv}Tt? ??R?}hTP?)??>#`R?ٽ1 չ_4P?h?=@?s4w???h?
??[D {=S_I?c??? ?a U?VfWI^u?G	rN=?a)?7unvXY{[Y{???7Uf?Q?%?5s?A4[Ja?YLs,???????c.?O?rm?C?~,ʽ[?}j?r?j?+|?Htm
yMƆ?BSxW???>q5??L-~\,FI-PU%%YE)-D#\?hl??|K{?a?g?s??w{??bDdu???????Éi??1???9C:Cu?;A?rqj???${???5n?!GLf?????X??K0Y???r??jm*m~?zɧâR??ILYbFvr?Q?KVƎ?ť$$dA&m?fO?TF4ĔCt^?5??UJ??_SQ	/?>?n<uG}Qh?bp[/??f?*EݙS,?/??jtR"?x??lD¹-y.V?#Z?zo?dvd?g:?KM/e??٪0?#?l?i?|??c^fopM??Q????3сd_`8v?6Wռ??H5tT?߰???<??r?̾ŠyI???_ja~??1??[??of$g#yA˰?㫿0?j{P?w?3'zw?hg?